score,actual
-0.6784419377192863,negative
-95.19743793325168,negative
-2.8325316091552635,negative
-0.045376761499127304,negative
-23.264339979211154,negative
-1.2014630334648289,negative
0.03347047997957966,negative
-1.341022258747333,negative
-3733.1976337710744,negative
-0.20464373823634208,negative
-2.647158914851523,negative
-76.05588638875739,negative
-37.25336478395877,negative
-0.23469248120121416,negative
-241.98060755008152,negative
-1.0837206274191824,negative
-23.5392953307947,negative
-565.6882070411534,negative
-3.2332618841674443,negative
2.114525436841723,negative
-0.08193409544445951,negative
-51.190843247869296,negative
-147.1560289535285,negative
15.3605417632809,negative
0.006468935773727041,negative
-119.07267988651347,negative
-6.346337300809186,negative
708.8273846791503,negative
-0.19826969670290479,negative
-0.33966816590800336,negative
-0.12226738303313858,negative
-119.57162076613014,negative
-1.6408317819406297,negative
-0.12520395400320233,negative
-0.12924656040344984,negative
-2.8706416404063675,negative
-5.156303567646956,negative
-1.8430158192984734,negative
0.09373563936877184,negative
-21.54722486556231,negative
-0.477194786098192,negative
-3.7142567189437368,negative
-3.5442020460247106,negative
-3.471200145405943,negative
-1208.2859015401825,negative
-0.3135861298772822,negative
-6.823546685242521,negative
-5.073439466850387,negative
0.1407416098883576,negative
-20.65702082600252,negative
-29.93173508292735,negative
-0.542774418413229,negative
5.656014516516696,negative
-6.473520383027627,negative
0.04179646315916992,negative
-24.040680763343776,negative
-0.11667356105008993,negative
-1.0941841957419252,negative
-47.09090194857585,negative
-8.489622449718938,negative
-3.171093543004453e-5,negative
-543.0323740278118,negative
-4.665496868118396,negative
0.016028616376410277,negative
1.0772517812170785,negative
-21.60904446398312,negative
-102.25328555341815,negative
0.002134597298556195,negative
-1.1044882561538463,negative
-0.32485981856117824,negative
6.738551914253695e-5,negative
-6115.399506377377,negative
-366.319195224917,negative
-0.8921410874475244,negative
-1.7367767695285445,negative
-0.10720239776630008,negative
-3.6323908840641517,negative
0.023692823219837542,negative
758.6265075559483,negative
-2.061652366697315,negative
-6.358822704046489,negative
12.833753725178388,negative
-4.7542406004886955,negative
-0.157955929033118,negative
-546.694135740574,negative
-3.6125792911099714,negative
8.549128390069184e-4,negative
-23.601629396011894,negative
-520.6837610056175,negative
-1.8742713387121177,negative
-2.1468526100611856,negative
47.49200157021393,negative
946659.715324567,negative
-116.9059727641757,negative
-0.4235176326924411,negative
0.02899826325550454,negative
-5.198990040956879,negative
0.09073746736417837,negative
-152.219338091512,negative
-0.30097703975257667,negative
-36.033726765582465,negative
-0.0219556772618346,negative
0.6151206146357664,negative
0.21384972307476527,negative
-18.366017218284558,negative
-1.3194987972312946,negative
0.42464730451396876,negative
-5.117403158101616,negative
-4.213467624252496,negative
-5.0890141347062885,negative
-15.708960945712937,negative
-1.5223676329013995,negative
0.1294633455635882,negative
-20.072136890396923,negative
-0.10767392065820205,negative
-23.61365767909989,negative
-0.05279831028945699,negative
-1.3796024494359147,negative
-9.566024958088493,negative
-0.03479950825254082,negative
0.07110456428119626,negative
-0.1948938727237772,negative
-22.604981436779344,negative
-0.006568372028067439,negative
-3.869009683608374,negative
-7.207191370234292,negative
-2.1786800356278153,negative
-45793.601563322445,negative
-0.017928144177485998,negative
-1.2001801245249373,negative
-0.37525692526122484,negative
-1043.0165199700632,negative
-0.12175974569844808,negative
-11.226239294043669,negative
-2685.776469355141,negative
-0.001667917285874238,negative
4.2133731934412575,negative
-8.252117481741331,negative
-69.24295786044769,negative
-243.76173710903115,negative
-0.4679807863580777,negative
0.25250322301083566,negative
-36.624901198928725,negative
-0.26575523455357364,negative
-7.651545696035226,negative
-0.024102899914706738,negative
-11.231873810091676,negative
-0.004811812061498841,negative
-15.85322947351024,negative
0.6852179777570635,negative
-0.9043855083549072,negative
0.7271174860773216,negative
213715.6462391884,negative
-965.225160302502,negative
-0.9268837447774853,negative
-13358833.422358435,negative
-0.09804651124055927,negative
0.10178450903917392,negative
-1.1318911729124665,negative
-6070.277908388617,negative
-6.939119101544783,negative
-3.0686523911570514,negative
-303.95302301579096,negative
-0.05758473430693503,negative
-0.4488538970377046,negative
15037.397602033423,negative
-2.6371668161378783,negative
-0.1796296387818581,negative
-7.10971102828154,negative
0.41834606324387813,negative
-6.761629596334196e-4,negative
0.15964469332749173,negative
519.1925896293988,negative
-9.8025326336864,negative
-29.676433999149403,negative
-15.57050742059447,negative
0.033354604319873644,negative
35.033361225510916,negative
-7.806634690284664,negative
-135.61665695900257,negative
21.769139956263484,negative
-1400.787144335965,negative
6.32225761466785,negative
7126.344265565172,negative
0.014633693972979195,negative
-95.05576457855297,negative
4.550211484942169,negative
-29.130764776777216,negative
-1.3803959754072308,negative
0.031170230232487002,negative
-28.915665016243118,negative
-0.18470328473462308,negative
-0.007550431838088202,negative
0.1191977766379454,negative
-15.379327796653214,negative
-0.3177400380996704,negative
-0.061558050121512976,negative
-2.921365832939066,negative
-2.4736367875822887,negative
-0.44881971340805143,negative
-8.800013203776727,negative
-216.83149504130776,negative
-4.634821254810161,negative
-8.566589284490874,negative
-84.2834394213336,negative
-0.04185683904868,negative
0.19745740567661127,negative
-0.0030882219493887403,negative
-316.94496651588975,negative
-29.585060859088166,negative
13.270259218521254,negative
-1.2132725162930222,negative
-24.797358741467807,negative
0.8608057185939892,negative
0.39599289231661633,negative
-0.5652074324639605,negative
-1.3641493851562063,negative
-4.31905043864728,negative
-26.28857549783539,negative
-0.4968038476440362,negative
-1.4728934536591918,negative
-0.9223389586891925,negative
-1.6094124518848905,negative
-1.6080754248354123,negative
882.9325901508771,negative
-5.732184739334845,negative
0.00886854694201164,negative
-23387.829543868276,negative
71.01636556182248,negative
-2.2146898894526177,negative
-0.3859336474704485,negative
-0.37508601108542483,negative
-0.06327577079289891,negative
-4.909213437721627,negative
-0.005708060720902959,negative
-0.09646035595196603,negative
0.05612305509045272,negative
0.0015337921039138979,negative
-75.97948769541549,negative
-2.324089809566369,negative
-1.3313885472952736,negative
-0.7588517615885801,negative
-0.8400257182522487,negative
-4.41510901858297,negative
-0.262902491707171,negative
-4.427787170966362,negative
-7.86682954669164e-4,negative
-29.51530974406794,negative
-13.749034798694272,negative
3750.4535109379563,negative
2.5209138430589,negative
-1.353542914693262,negative
5.380257870067059,negative
31.400331990637195,negative
-0.2745307312172781,negative
303.213276134566,negative
-1092.2995569732461,negative
-17.662104831081557,negative
-0.07006018146502618,negative
-0.2275869539774803,negative
1.8153159465672906,negative
0.10119433466048346,negative
-7.955536523380774,negative
-0.051109314147480094,negative
-0.001484546408607167,negative
-144.74842560403806,negative
-25.687543803191133,negative
-0.08198214053702985,negative
-5.8343673936395175e-5,negative
-0.8353660057889363,negative
-0.1428841468013501,negative
-3.4409407437023027,negative
-14.16312889054468,negative
7.478888145343415,negative
-2.4485169923200734,negative
-8.906237197330857,negative
-2.8849979064861095,negative
-5.104362689851086,negative
-0.21498832845874885,negative
-0.3338557392422682,negative
-0.5449423384087422,negative
24.931533067693888,negative
-4.155001000582778,negative
34.25009529121714,negative
-20.239075042516042,negative
-0.02058421317086179,negative
-0.32308763916689237,negative
-0.3192412370055946,negative
-10.969173873263886,negative
0.0020776762706341614,negative
0.06417114267385071,negative
-2.2050372054384506,negative
-0.12175687051366219,negative
0.0022566498870708386,negative
-1030.3615325687522,negative
-241.92444751577924,negative
-82.29612523025413,negative
0.5541395783449111,negative
-9.496956165441995,negative
-116.00795076414718,negative
12.166661736124437,negative
-3.8155382044919604,negative
1.350054612792704,negative
-41.0360454352388,negative
-14.85837346361272,negative
-0.026417788427321478,negative
-7.253963488627575,negative
-3.9332007564544487,negative
-0.25679149707396387,negative
-1.6415824343387044,negative
-15.297977758652728,negative
-1.986001224034075,negative
-97.40162397811272,negative
-2.1911370751029624,negative
-3.9491477872691103,negative
0.6215330051968898,negative
-1.322641846406177,negative
-7.816027880407448,negative
-0.04373535524530627,negative
-5.761543332749635,negative
-2.635493633628598e-6,negative
-7.2093354629138595,negative
3.0130210865261224,negative
292.0401685393106,negative
-14.649683517808043,negative
-19.307579062008607,negative
-0.13369135650990116,negative
-182.19924710804543,negative
0.2562133160875582,negative
-17.22638752596749,negative
0.8278682752936486,negative
-7.367877632427294,negative
-0.10620378146035614,negative
-4.016727162461474,negative
-11.130793916133094,negative
-1.4074526102270422,negative
-355.5497875164438,negative
308.06514633816886,negative
-0.09137478323967765,negative
-0.7907705331022183,negative
-1.7207887217579878,negative
-4.058062037658761,negative
0.37894622931173666,negative
-0.013361034992868785,negative
-0.5103882218501317,negative
0.0643324419960787,negative
-4.706992489438785e-6,negative
-2.828785300842398,negative
-15.155165581369099,negative
-9.105305139526504,negative
-0.5046427205431474,negative
-9.908805965815644,negative
-6134.867004813675,negative
-0.2222652191952061,negative
-1.2044742795908394,negative
-65.89106813261935,negative
1033.3227104675627,negative
-4.814789714205379,negative
-0.515795823252816,negative
47.7629098471048,negative
-0.6521049567268263,negative
13.15479819021818,negative
674.5307061006391,negative
-1.4040622910326106,negative
-5.429405897796389,negative
-39.45868150377949,negative
0.05894707847504929,negative
-227.13985561731232,negative
-45.40081978003409,negative
-23.01411757550921,negative
-58.10550770875077,negative
-0.16672864996054237,negative
-1.396121415486201,negative
76.9431920958316,negative
-14.188317222027957,negative
17.229025439999145,negative
5.966126135126697,negative
-0.3499164865983546,negative
-4.212748195437412,negative
-0.043952853416582484,negative
-0.7436865277662883,negative
-41.091860603790366,negative
-18.729104029601523,negative
-10.83761445698831,negative
-0.0012481172165124033,negative
-0.02696986364834288,negative
0.12422950489755022,negative
-67.3005527168195,negative
0.0494944512019776,negative
0.4059710171469208,negative
-5.733781494455099e-4,negative
-1.3011763683253705,negative
-0.4924936593767521,negative
0.5082110014475387,negative
-0.3266239526654055,negative
0.8884999511228846,negative
7.488430223466999,negative
-4.769786801186064,negative
-0.3940608799108439,negative
-0.07741492653068457,negative
-0.18355981763236862,negative
-0.13663215484943964,negative
0.043825593557600365,negative
-4.1113250348321565e-7,negative
0.36698242534346004,negative
-3.561100067668347,negative
-206239.0830008306,negative
1.7466511994912084,negative
-1.1940697029914655,negative
-0.18580183132193961,negative
-21.81893479586821,negative
-0.9363956175360826,negative
-2.646326182281233,negative
131483.72059150474,negative
-3.6152430360134127,negative
-2.845791080577831,negative
-9.178160463545336,negative
-12.19415426297198,negative
-2.0878069913095927,negative
2.7853860149428176,negative
-44.81588216878278,negative
0.13859305221873194,negative
3.599641508945799e-4,negative
-7.082367582112859,negative
-4.622336477564653e-5,negative
-0.14827498918825016,negative
-1.5294736342801696,negative
-0.2796276187803892,negative
-0.29365192794780143,negative
-22.13192997765037,negative
-5.824598456227914,negative
-239.0573299580201,negative
-8.310804968366444,negative
-1.359514625722729,negative
-2.464579853859975,negative
-0.032063824869966825,negative
-2.1633927240103312,negative
-0.7717060209065868,negative
-1.7846016102855635,negative
2.057702514816714,negative
-10.00372100712069,negative
-3.2707545719172124,negative
-0.04913651318934601,negative
0.3499878510577119,negative
-0.9261352000232077,negative
-7.76756900850597,negative
-28.793048536277247,negative
-0.3931584042898262,negative
3710.7074127646965,negative
-0.0018638549231744651,negative
-4.123444291067801,negative
1.732118783554946,negative
-3.417953670648105,negative
-30.0830163716858,negative
-14.36650261349628,negative
-4.3036299193845355,negative
-0.825439942147781,negative
-1.093780656506187,negative
0.08294198136343574,negative
-0.11098823847136287,negative
327.0760813079312,negative
-1.3214684495675917,negative
-2505.429769106471,negative
-1.788584119152625,negative
0.18242151676173515,negative
-0.17030384740058388,negative
-445457.2922288668,negative
0.009554987095016941,negative
-9.897088874415026,negative
-64.88190387032931,negative
1285.1386846063308,negative
0.6256652962810003,negative
-146.48727049501645,negative
-6.211395204968166,negative
-3.9872470183745747,negative
4.523917273692826,negative
-5.655884873720008,negative
-0.018529408687094632,negative
-26.32759698440898,negative
-0.8140611248386362,negative
-555.2428192454904,negative
-0.23080920445868627,negative
-4.49209611444843,negative
-5.23541911376136,negative
-0.13403164931772618,negative
6.597365044194316,negative
-9.84629839955018,negative
-0.3306858992298818,negative
-5.397895464352698e-4,negative
-0.256781818187731,negative
-0.2673815120248315,negative
-120.54683551602959,negative
-0.00842104084751009,negative
-25.276277736347428,negative
-2.4560481502210587,negative
-13.942530465833935,negative
-0.9836586463148809,negative
-0.3958645876397311,negative
625969.3374987022,negative
-2.6626391035193504e-4,negative
-192.47869095808045,negative
1.7902719577408233,negative
-3.467421632294434,negative
-2.6404831500000125,negative
-1.644950826830821,negative
-21.36030819225136,negative
0.08912422172935,negative
-12.858362918428613,negative
0.5238406636967945,negative
-12.009360367332937,negative
-4.281390067540437,negative
-0.3147960585940315,negative
0.03590315196011568,negative
-984.1528348529874,negative
-179.52835036559176,negative
-2.455664523992393,negative
-1.864788152849777e-8,negative
65.97974431435844,negative
-12.053931402083068,negative
-4.678009356033951,negative
-8.199030576307615,negative
-0.0014194799413443987,negative
0.23729265955470213,negative
-52.556996119093235,negative
22.054597508332687,negative
14.77724201470262,negative
0.23518666868355947,negative
0.04273533229748694,negative
-0.3132532650786386,negative
1050.861040499206,negative
-75.79406100140204,negative
-3.050197721580037,negative
-814.8720159649087,negative
-0.5921982437976024,negative
-0.17138877904609703,negative
0.6292284886458208,negative
-0.11472993521670163,negative
-1.1049211025241144,negative
-1.2611973828213048,negative
-1.7510518773854535,negative
-684.0570270444531,negative
0.054890660486160495,negative
-5.459089056992431,negative
-335.7784947132213,negative
-0.7875831159194314,negative
-162.02253178261788,negative
-0.014660536273443726,negative
-3.2778729616292255,negative
-0.004368713946589284,negative
-0.19053902408806625,negative
0.009306536612029636,negative
1.7665646107730515,negative
-2.5408199704763033,negative
-72.79017162854478,negative
-10.736548033536327,negative
3.795234542403204e-8,negative
-0.29647627819923955,negative
-5.515093550550361,negative
-0.6410112658012376,negative
-22.534523864438512,negative
-3.7398181955859613,negative
-11.737327743184816,negative
-2.0577637812618184,negative
-39.95171110980809,negative
-180.27733824973765,negative
8.073898546975867,negative
-7.2388541051411615,negative
2.3272751289211557,negative
-1.9306217719773247,negative
-0.40956113003643785,negative
-7.273232566354459,negative
-4.746981294541432,negative
-1.526153456411717,negative
-902.2249224622333,negative
-1.941723318250422,negative
-7.375853557119203,negative
-2569.0951859108673,negative
-339.3116685732277,negative
-12.435216407423551,negative
0.099477117285922,negative
-8.887314809724701,negative
-3.3911625720396295,negative
-0.04737137128553094,negative
-0.0897992395277288,negative
-1043.629480650357,negative
-33.71839732616061,negative
-0.9429430100261835,negative
-4.47177874748063,negative
-581267.8389431367,negative
-5.967288418985317,negative
0.4499556553122861,negative
9655909.459543047,negative
-23.914541847747753,negative
-0.26634112104899443,negative
-0.28778853891235273,negative
-0.49630729568789456,negative
-165.1707654846504,negative
-8.834229598092763,negative
0.03657704595962767,negative
-1.8797218882217177,negative
-0.45312896150757437,negative
-13.245395934382941,negative
-0.15490014460372675,negative
-0.14022999671554096,negative
6.417311793991484,negative
-0.026500926645772204,negative
-0.011707039317172764,negative
365.64854954582796,negative
134.0923577179278,negative
-0.34755440426762796,negative
1.762244560588846,negative
1.5708962741786563e-5,negative
11.962361078936162,negative
-2876.217017675786,negative
22.586440978486923,negative
-0.006691425032683241,negative
-0.4323029471144147,negative
2.9604684722416746e-5,negative
-570217.2181484582,negative
-8.068713903404586,negative
-0.07473221404488935,negative
-0.10457151906867022,negative
-0.04975021975346256,negative
-1.5621814368381548,negative
-854.804770418116,negative
-4.91743299494892,negative
-0.2209732410401096,negative
-243.36257113179644,negative
-217.32473866061844,negative
-25.4718104210483,negative
-1.8395319803688388,negative
-0.779406231481976,negative
-0.9156217069454222,negative
-0.03998010789635938,negative
-17.023419962970717,negative
-0.11741388701018297,negative
-336.503387407779,negative
-0.16675743624267578,negative
-2.0402000363522625,negative
9.773032654833828e-4,negative
-21.4210092020014,negative
0.527141466228181,negative
2033.992267185633,negative
7.216556331986456e-5,negative
8.375615566110202,negative
-5.676954712948329,negative
-0.001267332117968456,negative
-0.07726386637877346,negative
4215.275928246736,negative
-2.1556164581992117,negative
-28.663264255706732,negative
-47.67849166897353,negative
-5.652396810566968,negative
-3.2168163657526505,negative
-0.6058692260117043,negative
-29.85176441633244,negative
-2.4437458184461325,negative
-1.3355841375725408,negative
-1225.0101583571065,negative
-175.79097738389999,negative
-2733.2401216985504,negative
-0.0038809165070601264,negative
-2.297098615019265,negative
-0.8893165714431672,negative
0.0017488965018863283,negative
-0.899061597746768,negative
-0.004671487645103383,negative
-1.6579251175528396,negative
62.775082559693,negative
-1.3666965006086278,negative
0.24922895864562478,negative
-3.5729731220353727,negative
-2827.545291946942,negative
-2.5195461393697243,negative
0.4988500898934628,negative
-5.536546760879088,negative
-7.1989005734414375,negative
-19.734880883207683,negative
-1.309733688242145,negative
-1121.7574630922304,negative
2.6174394689567464,negative
0.1982269047072872,negative
-122219.91326468649,negative
-2.7726596875283542,negative
-0.05106243176560973,negative
0.8976721511377966,negative
-29.748402377815605,negative
-0.1750110526397768,negative
-4.8450183288083855,negative
-69.78257849571976,negative
-1.8479474052491094,negative
0.11430482058390062,negative
-0.13178953046200415,negative
-0.12256355038596743,negative
-0.023897379146085567,negative
-14.459919387977935,negative
16.9247659157058,negative
-0.01616081746114485,negative
-2.305117391786259,negative
1.176469973201777,negative
-4.003594524788254,negative
-19.393608772949936,negative
-0.43062405918448604,negative
-10.13668657754965,negative
-0.0030116827203911546,negative
32.93543361595701,negative
-35.8798263062233,negative
0.14053406742046862,negative
0.8139614871712603,negative
18.39738823814363,negative
-2.001606453471576,negative
-0.33471204885430955,negative
0.11047751991014307,negative
-9.81169565456608,negative
0.03971764575083055,negative
-0.010889912521551135,negative
-0.0026953099380432237,negative
-2.517215673974178,negative
-11.672766906014996,negative
-3.8427056238514945,negative
-10.864644305536117,negative
-1709.139666422209,negative
-2.305468318240412,negative
-72.01682520422315,negative
-455.3261585458034,negative
-4.857202605147152,negative
8.527778901643147,negative
-0.2585829269348534,negative
-53.26493880264984,negative
-0.7364384798839176,negative
62.97471635093354,negative
30.342464337640106,negative
-140.94553472141052,negative
-2.6922202985738496e-4,negative
-1.2587170579336964,negative
149.51501022519085,negative
-0.015877181623946853,negative
-0.23448224019047634,negative
-1.7178247473781614,negative
-1.6492063995359143,negative
-11.132703867825105,negative
-1.5315381356353475,negative
-0.3764791663812102,negative
0.5600359993487892,negative
-629.0075397948137,negative
-0.7834796174479749,negative
-18.689588895812122,negative
12.192611138428987,negative
-0.6623597327796074,negative
7087.3124973079775,negative
28.860328700784677,negative
-0.4341516617263872,negative
8.919593416407787,negative
-0.6692075033511988,negative
-471.7967440557865,negative
-46.019346047302754,negative
47.93499882568064,negative
-0.3302774954429688,negative
1.8822417526261672e-4,negative
-12.379470259368057,negative
5.995753394186847,negative
-0.81949945892984,negative
-0.7058149153446015,negative
-0.5043509302861559,negative
1.9569567634751441e-4,negative
-2.894646602076183,negative
-1.0522079891862943,negative
0.5083300238137505,negative
-4.972072311188805,negative
-1.4015953554545615,negative
-8.20072858749217,negative
-4.6778692490202305,negative
-10.644239334724055,negative
10.136645185756803,negative
-113.14404652459362,negative
-12.781352445996603,negative
-5.745237150836349,negative
-308.6547462746006,negative
-0.07228217584228401,negative
-4.974072321839919,negative
-2.3311989011424035,negative
-3.161123182701771,negative
-0.5671618496179416,negative
-6.020498659504696,negative
-14.192273521071614,negative
0.01390822056088349,negative
16.561948016317157,negative
-0.09555873110053317,negative
30310.406930231762,negative
2.2517119759558057,negative
-0.9437860573402003,negative
1.8591500290794387,negative
-0.15964086707443148,negative
-2362.7463947801307,negative
-90.18022692003105,negative
-0.38004831585125026,negative
0.03187679667398215,negative
-956.2800371448617,negative
-0.7059201292142027,negative
-0.10446832912333015,negative
-1.0151333921219017,negative
-31.505358633261046,negative
-451.6832622287022,negative
-0.9424607658177611,negative
-0.1970136325046176,negative
-11.66818145498667,negative
-1.3830186229117132,negative
2025.9020590594355,negative
-6.21742532745403,negative
-2.189742392335575,negative
0.024363227772209745,negative
-0.7209544419313292,negative
-409096.78682713956,negative
-692.4495434271176,negative
0.016359233885608403,negative
-1.8364640416337366,negative
-0.04715261999904477,negative
-250.36010425381045,negative
5.235328107584512,negative
-18.431460554916875,negative
-14.329402423438962,negative
-7.347179848073563,negative
-0.65675147255283,negative
872.5654611520522,negative
-111.3908731476817,negative
-0.02130330192441765,negative
-30.39525747682674,negative
106.70464053106261,negative
0.08615918374527867,negative
-0.4706537995735764,negative
-8.729565144473096,negative
-18.188367951415035,negative
6.898188598221582e-6,negative
-5.424736466600029,negative
-11.901116610081282,negative
-3.620236794377689,negative
-0.03509174503319677,negative
-1.8408180389694868,negative
-8.700608630511551,negative
-0.6826149392488498,negative
0.3919419902517302,negative
-2.590139874024247,negative
-5.219430669066024,negative
-9.008404287347657,negative
-0.08944954777304304,negative
-42.86758565679435,negative
-1.4197523980444842,negative
0.0017459769605116676,negative
0.2625631102657082,negative
-0.04052091053742304,negative
10.438942959706608,negative
-161.16324354534345,negative
-77.73385172570018,negative
530.7709214999171,negative
3.5205454147255737,negative
-1.175975775259075,negative
-62.339209541594485,negative
-0.3357445345737933,negative
-0.5698353624267203,negative
-1.3806210914916661,negative
-21.740281205629127,negative
-11.595368918183029,negative
0.03578711627710862,negative
2.772583940338942,negative
-2.365060027704405,negative
-4.052285887808377,negative
-2.2185895741539947,negative
0.15803639266228647,negative
-2.1747837455122485,negative
2655.730660046625,negative
-0.06079077155769944,negative
-1.0979750834917101,negative
354.3881578979757,negative
61.142434980736965,negative
9.81697798724454,negative
0.014183058775560514,negative
22.023986247770136,negative
-3.54116081534893,negative
-4.09664893215001,negative
-0.16931925897892924,negative
-16.33157036415793,negative
-0.054678533536785624,negative
1217.171100419458,negative
101.64416098971003,negative
5.937196211206876,negative
-0.2814062868598793,negative
0.016346998761267672,negative
-9.82076381698793,negative
1376.5373071368113,negative
1.918926952063839,negative
-59.5702939221746,negative
-0.34272677131347973,negative
-62.17808588393508,negative
-2.8382863891803685,negative
-2.813593408208552,negative
2.676555252620716e-4,negative
-2.7369758985556905,negative
-0.22003224874553245,negative
-8.591850160668837,negative
16.895064962508165,negative
-30.779981409877,negative
-4.355752311715012,negative
-0.7660590741539893,negative
-1.7415756492325802,negative
-0.16950436336340055,negative
1.3645886475095226,negative
-7.129013788528982e-5,negative
1.1623864942728723,negative
1.203716682767406,negative
-0.0010950071525981694,negative
-11.667795792412663,negative
-5.913686045000502,negative
1.8008303076051155,negative
-0.49341862416259136,negative
3.917551470654499,negative
-0.11827770756457023,negative
-2.170496439707893,negative
8609.657490603126,negative
279.1011369598661,negative
-0.7702834368490905,negative
-0.5227891384408179,negative
-0.059107529952131616,negative
-0.22980091379937354,negative
-3.418376858694657,negative
-45.519324618560184,negative
-4.487236073625949,negative
-0.962500312891189,negative
-0.6611938365377653,negative
-74.32907568495129,negative
-1.4367297233172598,negative
-0.004214850523542164,negative
823188.8986674094,negative
-1.4151063766829834,negative
-18.26382034885842,negative
438.05179405070083,negative
-0.004156839034019392,negative
-5.19535564590542,negative
-0.6885513878444415,negative
-2.3265767154096686,negative
4.1722592300621635,negative
-2.3890671607302134,negative
-1.6659624356365044,negative
0.6959531434546973,negative
-1346.613365119175,negative
-4.725300421647369,negative
-2.428407885187753,negative
-9.873311193258653,negative
1.3248377419069553e-5,negative
-1.9981672568976907,negative
-3.2342898677647655e-5,negative
30.52743101035442,negative
-0.74423648234692,negative
-566.585787466985,negative
-12.015024327081871,negative
-0.19323631008148812,negative
0.6920258319328252,negative
-0.6279648432709384,negative
-9.349275612319333,negative
-9.343152936779129,negative
25.92476488991924,negative
-6145.8847458715945,negative
782675.5270078474,negative
-2.5464166035922,negative
4.255291671068899e-4,negative
0.5714586510693426,negative
-557.2041120530392,negative
-20.82765337930933,negative
-0.19657001077572567,negative
1.188552484735156,negative
-9.074567100048148,negative
4.006322179530927e-6,negative
-8.617156728419188,negative
-0.9636876421126569,negative
264.4490989116652,negative
-18.084197320751613,negative
-0.002294615578554772,negative
-316.5557294896536,negative
-0.12320511164435292,negative
-3.5406806900102943,negative
156.75144872708157,negative
-4.3807026350109455,negative
1.9343306878411604,negative
-10.838949009615932,negative
-0.2684949208734282,negative
11.664612713262892,negative
10.653472127548795,negative
-35.89922086346281,negative
20205.618230405085,negative
9.443930856384782,negative
-1.9132775609086703,negative
1.5352476888656987,negative
-8.469752384650944,negative
0.0022161760468679516,negative
1.1835833938807183,negative
-3.742688019651439,negative
-0.15524049815079752,negative
-2.5662733423586834,negative
0.17984904180269914,negative
12599.95233429409,negative
-11.027593158814474,negative
385.95230714424935,positive
586.959491693782,positive
127.71283214635633,positive
170.11187863713252,positive
175.7240080973812,positive
210.61359963375014,positive
168.6242524249864,positive
38.61131014676547,positive
791.7407384218105,positive
19.839047411267263,positive
175.65975098382674,positive
-5.3461602584953365,positive
139.98516330571485,positive
-5994.916447179304,positive
95.75752672018585,positive
110.7109690153857,positive
46.65982130114705,positive
151.08067614342792,positive
132.8001012830347,positive
165.0674720847055,positive
138.70403775272254,positive
142.92354879375293,positive
263.54608637160555,positive
53.39431877862252,positive
216.9844675953295,positive
-8.97418096278442,positive
177.96068466635535,positive
102.86437832683875,positive
98.26819603225113,positive
40.44703060098539,positive
88.26770589898732,positive
260.7720768748384,positive
97.87844014543649,positive
79.7055727285585,positive
-2.8211694520105293,positive
1.0816033974332506,positive
-2.5396580309300156,positive
5044.724937874141,positive
165.9572606990273,positive
299.42206061172425,positive
3933.0396804747206,positive
225.27247034474246,positive
410.42862547468036,positive
152.02226125170495,positive
113.78745737639791,positive
219.18039225610983,positive
34.26615463104183,positive
4116015.345990944,positive
135.98403091462748,positive
147.73752437655378,positive
3.9745604476572933,positive
32.415860806160914,positive
-3056.1876197594333,positive
137.37150650783275,positive
182.75488034738916,positive
72.4742755641437,positive
89.29425219077896,positive
2.9157453797027495,positive
357.6272170849632,positive
168.24301088952856,positive
18.045279325047296,positive
29.221070554017587,positive
27.621289376066407,positive
39.33748931436144,positive
95.40282360197247,positive
151.16570835245994,positive
3.5661869055484736,positive
17.66832616116298,positive
196.578503505834,positive
82.83335003973023,positive
203.30903005863794,positive
1.6130664441878408,positive
71.04929682607147,positive
5.035770671364958,positive
107.94384057390042,positive
60.83399160067977,positive
1230.2553635352604,positive
503.1798736155856,positive
137.96618540274477,positive
265.3258013750177,positive
-251324.6271792632,positive
133.13386032413638,positive
69.12786975516725,positive
307.72714109711274,positive
192.4918716527426,positive
191.20143029175105,positive
130.1837342846143,positive
-6365.191903618681,positive
18.635793473949423,positive
232.46816241222223,positive
243.50995213237914,positive
2459.7432414364785,positive
130.87435965549935,positive
61.955872208973425,positive
82.49000600085631,positive
214.88660583752917,positive
231.7054492690501,positive
138.47180568681526,positive
130.9303745087095,positive
712.4158708520046,positive
-1852.4197984980287,positive
-0.9503864985959519,positive
179.40876861424067,positive
191.14257613856367,positive
90.04808491422426,positive
88.42182365524282,positive
-312.88428166730876,positive
117.80031357354687,positive
110.72777024785977,positive
-0.7962852664977291,positive
136.4789928243635,positive
6.1012915238143455,positive
308.0968366844105,positive
11.380987764857528,positive
184.88874770427367,positive
137.56731282893116,positive
446.98654054047483,positive
175.095144658323,positive
46.22284505637833,positive
3778534.845885738,positive
84.44340990339673,positive
103.28124924626061,positive
57.68246381244211,positive
524.6438980354671,positive
4481.865689378845,positive
238.18755387977163,positive
120.75182256968985,positive
-281.76159332729935,positive
98.5362044592241,positive
170.19057021923854,positive
53.29575531539477,positive
257.62569285037983,positive
407.18081122643537,positive
151.671389867363,positive
364.56135030977595,positive
5375.177412641103,positive
174.97100568180397,positive
51.59379262440613,positive
162.3214426150465,positive
-4493.79483943784,positive
31.375644168094997,positive
122.25071149552822,positive
33.513438367562365,positive
52.231342043063805,positive
116.46645078832917,positive
133.8808767432983,positive
213.65345058808998,positive
23.594993465125768,positive
143.4142822889007,positive
194.96036135648077,positive
67.94972845037209,positive
138.5711610613392,positive
102.77049885557533,positive
-1531.0060696407256,positive
603.0058465807093,positive
809.6385683906851,positive
140.25719672431487,positive
179.70800402675343,positive
88.33371978568765,positive
190.2463907855522,positive
131.68026219895177,positive
124.54252492678668,positive
0.24067649581015252,positive
139.61957082038452,positive
178.90244138648234,positive
69.41857067086872,positive
0.012411430540463857,positive
424.4286322687948,positive
-1400.3844938546586,positive
1776.6054415101423,positive
540.9963767166678,positive
281.04930893138646,positive
164.98616533316334,positive
85.60488349793192,positive
37.08042889428708,positive
142.74321412028428,positive
35.561524985758375,positive
391.8597776010823,positive
195.44273065326146,positive
0.9142873342685142,positive
199.549535768792,positive
26.14939652611686,positive
-128.65631902987064,positive
199.57317086409182,positive
227.92323341305942,positive
144.1136383909962,positive
193.5547672209667,positive
53.597909718844534,positive
65.5697108244204,positive
670.6588644423078,positive
7.020127251869065,positive
148.63270805379565,positive
59.75204773091703,positive
96.1960688579624,positive
4873.424864079166,positive
215.0366701853582,positive
183.8975693528247,positive
-3.9448445821834164,positive
116.36835617122689,positive
138.46961964629187,positive
273.7776942092527,positive
234.40139099630537,positive
119.18422543546458,positive
246.22013633955098,positive
172.93641219224642,positive
77.50108819655091,positive
242.53011057857535,positive
403.3782846247856,positive
111.52106074750898,positive
-2770.7997781531353,positive
164.7634078972535,positive
78.43520810737695,positive
76.14302330399327,positive
-26074.73116149872,positive
43.432744850236276,positive
83.82308826323398,positive
204.897189913279,positive
47.694037367068134,positive
1035.160207948671,positive
303.27571648587235,positive
173.98763597459484,positive
1023.7797185831606,positive
92.47881449727483,positive
157.40644872476554,positive
148.4994462580257,positive
1.965363798691976,positive
135.69384453092013,positive
96.01442129765955,positive
-141.11638045301677,positive
146.12739630620916,positive
67.24857664157251,positive
138.21154424589383,positive
73.32587854493107,positive
825.9023476109078,positive
245.83874960635669,positive
59.915550325818096,positive
54.723244383032366,positive
134.02467483262623,positive
408.94472776773813,positive
119.422134807112,positive
12.157992477615888,positive
105.916570505826,positive
82.73319191283707,positive
84.31542581915573,positive
3981.7166747916576,positive
90.65085615211865,positive
212.1704067564383,positive
-0.03077004873768303,positive
243.12842204568076,positive
-0.6250550663943665,positive
134.04463299117606,positive
134.4276609477086,positive
113.70772246230023,positive
221.82832869385842,positive
395.1487353151571,positive
596.4677309285967,positive
162.92238212021573,positive
107.47903752685785,positive
-10.333427355088874,positive
148.64593790310013,positive
-0.9350394768575976,positive
179.33417263982352,positive
145.69997262750363,positive
1436.8248384508727,positive
78.30244247976691,positive
133.27814060217233,positive
-60.32100804661508,positive
328.216716651155,positive
349.2787220918666,positive
163.53813918314148,positive
170.39811079417734,positive
382.889088187252,positive
46.01977399141943,positive
89.78347444947516,positive
1422.8038060187262,positive
113.73754108919522,positive
97.4273784499825,positive
82.39859581368756,positive
190.16081150587002,positive
85.86321822721011,positive
106.70479715554016,positive
137.25824020059832,positive
82.71016462472889,positive
74.74588212729223,positive
68.39791876193586,positive
-428.7238670896148,positive
1.792440274346219,positive
11.047803404671367,positive
30.42423989550773,positive
40.06519710023324,positive
268.1697142116022,positive
3.0456828337540287,positive
142.05935319368368,positive
208.9174006520623,positive
781.5222903350744,positive
2662.870818178618,positive
169.95809049795238,positive
8943.141188599866,positive
127.09003474975474,positive
-2272.5368264082713,positive
143.7709665060654,positive
689.9293963521402,positive
341.5190179816869,positive
11.756204285123099,positive
111.39643129598701,positive
89.41206305323243,positive
34.530590095313414,positive
83.01428895995721,positive
545.7354452382091,positive
125.3535952174693,positive
272.5911342875547,positive
2593.6322273983897,positive
488.60863604042993,positive
331.1629598601209,positive
0.020454667352115916,positive
3302.285288095998,positive
310.86756709805076,positive
125.30618537920705,positive
120.58054721921482,positive
56.26177044234877,positive
42268.40385392532,positive
128.38947864839594,positive
107.46292887575943,positive
172.56221946995197,positive
77.63742895684885,positive
2259.5693091668945,positive
328.6886198262334,positive
11.73708688075269,positive
-1017.4127150822529,positive
28.8235735872296,positive
212.13262421697797,positive
61.194922594647124,positive
258.1328650966274,positive
143.29135965036429,positive
98.858654395274,positive
45.779915350893006,positive
167.29290004658395,positive
-703738971.2541263,positive
271.30539830878536,positive
173.08678961023767,positive
3.8300970207345517,positive
581.6331613270728,positive
346.98536433946225,positive
92.5410344156531,positive
176.97474114529095,positive
213.2549845754364,positive
249.7238111280266,positive
84.3906183010543,positive
128.02386688932955,positive
-1404.749318287255,positive
72.19500202595412,positive
51.849411365741524,positive
105.22209083131881,positive
145.87456517660536,positive
7.584096766877702,positive
118.37594856172252,positive
545.9330337661941,positive
37.33384783819252,positive
226.92134447700428,positive
44.8570934603476,positive
-514.0608792482958,positive
145.99598249349913,positive
389.98263728647225,positive
273.0646803244297,positive
77.53947720622256,positive
41.351823317599894,positive
167.260943933332,positive
67.3300945516959,positive
140.07692786584778,positive
116.64549774497598,positive
11986376.460458936,positive
143.19130977754742,positive
9.474535153354731,positive
303.07009969823235,positive
116.12852425434295,positive
295.08175882174476,positive
31.193353873473857,positive
85.90094677488875,positive
296.1531052598426,positive
817.3567727007196,positive
326.0722882278683,positive
139.77204550977766,positive
89.72920907069782,positive
191.2813305229546,positive
1195.4285203584743,positive
104.85167125270196,positive
314.37746231043116,positive
162.08365293306844,positive
77.66443107841306,positive
44.62002469154937,positive
41560.6308162682,positive
119.79318682520643,positive
43.32347703942238,positive
805.0843129519372,positive
247.3639393984021,positive
177.04915649945812,positive
58.56481456090176,positive
359.6258870540753,positive
127.03668070845481,positive
210.96329372045489,positive
469.05061255901205,positive
263.63790291846163,positive
-209.07588589789796,positive
70.51933042819961,positive
196.84836934242435,positive
235.99303956624775,positive
123.2854224098931,positive
1238.431107907546,positive
-0.03768115052149693,positive
67.55217762905109,positive
57.30848400048416,positive
298.9343773668558,positive
73.88535733726125,positive
62.88572921251927,positive
294.1622496574414,positive
118.25428992367678,positive
149.80939965265523,positive
18.064934606307087,positive
82.0448243784896,positive
3.7123381056968388,positive
29.439949408338084,positive
31.65598391382713,positive
126.80095234919449,positive
178.5372281754794,positive
-0.008997147532053381,positive
83.38151392933155,positive
14844.463459568366,positive
40.4233960002945,positive
30.390825221190543,positive
554.2877322227995,positive
0.008418736472049116,positive
107.71780002750808,positive
50.1244645926171,positive
121.18296048816863,positive
184.09235073212918,positive
144.53718198129405,positive
438.1236841087108,positive
121.8718775123872,positive
81.21789584755147,positive
12331.016821016836,positive
170.99057057721564,positive
120.63214494627977,positive
951.1328106638075,positive
90.54389503420006,positive
9.255370657994987,positive
37.114332492247016,positive
1234.2808494837568,positive
164.59904490555314,positive
133.80120601871096,positive
46.89651023110503,positive
174.7436491871598,positive
158.80328877945675,positive
243.62561045105153,positive
80.56170367125361,positive
0.444107539452839,positive
403.5782716303071,positive
193.59340491612733,positive
1117.81976158966,positive
164.60442516336082,positive
-2294.953639979133,positive
125.42710804420386,positive
-6.884649439154866,positive
90.76247843652693,positive
22.66192654294929,positive
0.4192645140483351,positive
10169.72352505151,positive
1055.2776558496341,positive
25.54869971440707,positive
47.16632924191088,positive
16.121175407479686,positive
137.97225326303206,positive
91.90426911676738,positive
14287.536798390585,positive
104.49619675868186,positive
179.60620556601225,positive
62873.52378431291,positive
84.81615903308631,positive
944.7650494197374,positive
114.77111576696069,positive
246.11573003165697,positive
92.86096968401823,positive
156.25749579043807,positive
118.52574132648498,positive
320.4282715587046,positive
1463.708584770972,positive
80.48640083446323,positive
110.70286055464723,positive
218.594666886072,positive
32.80863270271584,positive
115.28637463692498,positive
74.30420226250584,positive
150.63403763335103,positive
82.78373258495566,positive
164.29161753223292,positive
86.37282872002133,positive
198.33349219852198,positive
201.07508780247494,positive
73.9773806526346,positive
57.04076916029195,positive
195.0953590241594,positive
436.6819480397794,positive
46.17836055953821,positive
259.1300809046287,positive
270.9062186226314,positive
38.66671469237551,positive
53.26301923219236,positive
1652.8992016801592,positive
69.51796942447616,positive
21.591699527912358,positive
100.34187073852773,positive
148.59722416918734,positive
7.713534110765845,positive
164.6340714871165,positive
242.66486316781655,positive
98.92686317524559,positive
185.64441532835545,positive
784.8434081322769,positive
153.24526753213433,positive
304.4080058087105,positive
111.22312813316871,positive
150.24268144197185,positive
400.6806283233664,positive
157.7818026841029,positive
315.1906082955858,positive
-0.9329369417129361,positive
890.3346721150393,positive
188.06394560499655,positive
51.36445914911171,positive
378.3532670172065,positive
32.680723054214674,positive
2405.1030853612115,positive
-8159.190922725914,positive
-71.08578474052203,positive
64.26213460554507,positive
80.15541951889668,positive
82.1766319548355,positive
173.67128169271203,positive
161.50684067003786,positive
717.2117002387021,positive
89.86696721955228,positive
128.77585412122417,positive
35.10266890669497,positive
203.65475108362094,positive
24.936522427670848,positive
5257.971307500268,positive
-223.60646687355703,positive
20.00559517518224,positive
299292.56657592946,positive
71.04475136108294,positive
265.57000082581465,positive
201.63384843417447,positive
79.13005254542293,positive
46.76028005321807,positive
184.13738473043662,positive
49.515548155888226,positive
141.3846540191731,positive
111.80476043933018,positive
137.3313453756356,positive
124.52497881810793,positive
523.4247703098645,positive
574.3570919893928,positive
122.87575556719699,positive
318.70888672496443,positive
126.66309234566424,positive
34.998692888038626,positive
22.06301722630186,positive
79.43479576724036,positive
-2009.0323869470074,positive
389.1029736394959,positive
-249.19509219467085,positive
101.0181619879137,positive
451.48592390470475,positive
64.74050199316383,positive
-24.976132435278593,positive
934.1536413269145,positive
18.508111472838767,positive
3.1701654614079637,positive
11.634062384044224,positive
2439.611244438117,positive
538.1318929284608,positive
507.97300637397257,positive
241.04588540739755,positive
121.06784743260113,positive
169.97634331276365,positive
28.122617317061373,positive
56.7207038120794,positive
117.38871180964848,positive
136.0413044367948,positive
274.5596372538538,positive
91.93914625916446,positive
73.91862673936731,positive
205.7374276231514,positive
27.929558898066716,positive
152.43735225584769,positive
144.9978618482367,positive
609.2436762231009,positive
96.50240831037819,positive
306.5324649844019,positive
166.68317374778493,positive
227.21900639927685,positive
46.870146166903524,positive
200.1647437399906,positive
3862.3247823668744,positive
212.6136431969961,positive
118.9653109684547,positive
141.2512808439075,positive
13.998469456430787,positive
0.0696171985254918,positive
292.9801967126692,positive
117.74350593564137,positive
20.495743014081068,positive
223.16660606474878,positive
2.917093924467233,positive
216.48823651466506,positive
55.226680289733615,positive
1.8853151997711628,positive
95.73547049169062,positive
164.80185835793034,positive
90.00639740213542,positive
118.98107762334514,positive
105.34979572733234,positive
47.278650687752204,positive
46.163215078001244,positive
9.772995072776531,positive
151.32671081233354,positive
70.61179742621077,positive
160.49260029146387,positive
168.83921627248571,positive
285.3252420844662,positive
1261.8438116436007,positive
70.91061668426032,positive
78.75250304440671,positive
58.352696755572126,positive
28.496686878097826,positive
42.92518739993889,positive
76.69461181506284,positive
1174.4540023137592,positive
282.56886875615055,positive
109.73191717777141,positive
292.91951009182236,positive
80.33366681830368,positive
140.470696291095,positive
-10455.690904222534,positive
0.049578326757229015,positive
28.721748543173053,positive
329.46743067730296,positive
26.091102675810053,positive
69.39687230241317,positive
239.28183117764058,positive
0.07619418114095958,positive
359.98169026478536,positive
79.66935031199742,positive
30896.15423155404,positive
307.4140647433806,positive
529.7310871532219,positive
215.32187732733388,positive
84.19045580013722,positive
20.53116482002921,positive
88.96915266668735,positive
143.03782792847443,positive
138.03086873394523,positive
-6.450014953768768e-4,positive
154.97344594151798,positive
397.51997231621067,positive
10.326233618489386,positive
155.68431751583668,positive
168.50556885219868,positive
7030.14457838377,positive
138.92813775436886,positive
117.29610628058525,positive
190.47336624379187,positive
83.13314159627923,positive
111.1014980984845,positive
0.03424895883552614,positive
-144.8867379270823,positive
50.371466605301315,positive
108.8276146659443,positive
-0.975145989544797,positive
87.47323219986961,positive
104.01456223005931,positive
4984.275579399489,positive
167.1069130211184,positive
793.7746879822574,positive
22.843502681572136,positive
97.44100882261918,positive
54.342980134529526,positive
17086.701481972475,positive
82.90244867643777,positive
130.83700188596322,positive
230.9199040678529,positive
45.96083464704659,positive
103.61767106323069,positive
98.96976171634584,positive
94.3856196753708,positive
222.19756733454105,positive
83.51126543923583,positive
132.90899920640078,positive
582.6487041249526,positive
133.89598044373847,positive
2045.0732125886573,positive
89.8358292387256,positive
80.6687769229156,positive
111.03122189141594,positive
106.11837294578757,positive
112.82267231567903,positive
163.17987437608656,positive
16.39276742544175,positive
133.73905790372865,positive
138.71499823960934,positive
370.39757862932817,positive
225.74504739040776,positive
45.421590808925096,positive
282.5788794588945,positive
177.3186684415326,positive
169.06883640992615,positive
473.92983636930205,positive
239.39195954516896,positive
73.6183014218279,positive
214.07358218740134,positive
121.06256773508372,positive
86.08849697286004,positive
650.812725440774,positive
243.17233088513748,positive
1216.4348576809134,positive
151.450317429569,positive
8476.658941121199,positive
1246.3129982954197,positive
4.8770614791127,positive
-5479465.614247592,positive
21610.317619752634,positive
310.02700657856434,positive
160.3868096847961,positive
28.489048605214506,positive
179.50000333902364,positive
25.154126694256437,positive
473999.64492024726,positive
62.010719897876484,positive
292.47497585021625,positive
60.93255859281843,positive
153.0112025110495,positive
112.950446975669,positive
-76.57499069053154,positive
162.1835501308387,positive
6521.524348748873,positive
75.1198725175732,positive
45.0246540036528,positive
86.18456810402645,positive
-46.021058669542285,positive
-2622801.4972550813,positive
3501586.9272474633,positive
247.79964632590872,positive
14.012644204614348,positive
25.540221629522645,positive
118.27364606401594,positive
-1323.6347296289077,positive
24.631286497220785,positive
46.68758745422453,positive
1584.9179097247527,positive
452.50142263492006,positive
106.72907250237103,positive
79.15029068057962,positive
94.90557697473197,positive
139.95434481455138,positive
3.391412907647929,positive
77.93141300028945,positive
275.3592037152906,positive
2611.937894426353,positive
44.41861707427315,positive
491.0228421639029,positive
-0.014128713840621086,positive
26.2567741197336,positive
-145.59494305043663,positive
635.5918158426573,positive
200.29363875793723,positive
57.33038203652391,positive
77.4961349230845,positive
123.12720574819758,positive
238.65152237389515,positive
244.28624010467817,positive
116.45406091620256,positive
34.95809190329307,positive
30.38818912324403,positive
171.22334434927896,positive
113.93648285837149,positive
214.90761049490183,positive
66.05437781669579,positive
77.27919422805714,positive
323.50897048537246,positive
104.22891155156253,positive
103.1968681126967,positive
220.4845110871422,positive
84.10069702575619,positive
83.2943213011906,positive
126.9228228616272,positive
2934.0101099475023,positive
46.40445362576805,positive
55.22272072333412,positive
41.69496264153321,positive
629.198062865067,positive
42.023204536791006,positive
88.91578709574972,positive
197.02123932791224,positive
165.54554586483985,positive
135.67240907479155,positive
157.25356267034783,positive
110.40568952070385,positive
29.230174030810613,positive
63.76470514205169,positive
76.78249397931215,positive
172.21236870203785,positive
271.79763057371184,positive
102.37760444340269,positive
6.986848680006447,positive
123.8473087379215,positive
36.014753015990166,positive
362.61729121643015,positive
475.9679751036968,positive
183.16622890136708,positive
78.21605749895545,positive
10.775957097931295,positive
4.869591319318035,positive
262.71524186809484,positive
4253.860089887156,positive
87.7949659768584,positive
5.349608245537706,positive
208.99723865350964,positive
147.57144569595994,positive
116.1370880273319,positive
10.371352118954768,positive
-68.0002576444361,positive
0.4617832490378494,positive
144.8903726857728,positive
245.60423658579765,positive
196.48567284476445,positive
19.62971768217921,positive
478.0556509022645,positive
107439.82600478415,positive
176.03799650866645,positive
69.94085457938019,positive
216.64320378504775,positive
-2415.4218358891303,positive
188.52325694591525,positive
95.32328681822048,positive
85.47322990334133,positive
1.4134951914442158,positive
122.32358772513601,positive
382.0976588648564,positive
138.41203474619468,positive
0.04623997118012773,positive
54.3006347639665,positive
-290411.66993445193,positive
337.87774602307127,positive
11.262249820422776,positive
57.85530642548689,positive
138.14662387123303,positive
54.07497776268314,positive
35.60952558823896,positive
269.49614890714827,positive
104.01539210089857,positive
104.16237928276654,positive
633.4165212812206,positive
52.49801533755078,positive
37.49951149568816,positive
101.24050960789894,positive
351298.8326946347,positive
428.8066795211578,positive
73.4581547913432,positive
146.16823363799952,positive
8536.73621491333,positive
4.09271823800923,positive
128.49525690915027,positive
165.3879636570548,positive
0.8746541442067142,positive
219.919928474218,positive
165.70432128666735,positive
-37.78930955901376,positive
35.72053305530217,positive
22.788301433813853,positive
298.43213217155215,positive
100.84506601522992,positive
7.886682634635153,positive
124.52993192978941,positive
52649740.354877874,positive
2.022919992101704,positive
131.0035138209212,positive
176.74983209345746,positive
137.14543328612802,positive
43.44780069046621,positive
83.24829928009078,positive
19.242050980480915,positive
133.92349663034702,positive
116.67436963318767,positive
2060.2986831187654,positive
135.06363849425128,positive
53.25573840412021,positive
5.782696610683074,positive
123.36593569074985,positive
179.73558863543943,positive
112.85386884215647,positive
56.13289591781265,positive
318.6498628419501,positive
0.6914246272793709,positive
151.9888965957574,positive
111.58404601789724,positive
4.22346016852564,positive
91.78791449258564,positive
199.98467852351203,positive
265.5665499503897,positive
180.03864464182973,positive
183.69194051484243,positive
29.81508371540609,positive
1396.8864029856693,positive
29.90800403801782,positive
2.2181392837262863,positive
56.462795454841576,positive
478.2488649916277,positive
-14523.84025457489,positive
1.3024328762633537,positive
28.354248707242235,positive
273.1324923959962,positive
82.11128501319422,positive
241.68660225086091,positive
108.45563828321781,positive
42.565701185434364,positive
162.46332811606842,positive
3613.887930328538,positive
142.29224780107708,positive
71.77283371265291,positive
0.039149684477136105,positive
100.15583797446654,positive
146.83553183341053,positive
472.61416867789586,positive
89.65248586116525,positive
147.6805679425579,positive
10443662.896895759,positive
2005.7531064066484,positive
80.3196053150771,positive
81.51830932291607,positive
99.76310494843766,positive
21.266317415731137,positive
57.645307474437786,positive
359.637581975166,positive
1010678.4504916959,positive
193.9344384255259,positive
18.124989122451304,positive
781.4666798113183,positive
228.94290894575386,positive
142.97173463560634,positive
551.8474431250025,positive
103.90377428886251,positive
130.1871901532543,positive
159.5370243254162,positive
702.5586882410794,positive
186.9420769940423,positive
174.81489419165848,positive
166.34260601211838,positive
-0.06031599922461981,positive
112.66234770239517,positive
130.2679264229118,positive
456.3496827872999,positive
231.77310505210616,positive
61.42570052070127,positive
177.5639123201355,positive
400.4558071866978,positive
70.90176079670917,positive
-17.781203348594676,positive
562.7141707322571,positive
40.93461727985476,positive
354.35774705042587,positive
2.001348735015209,positive
82.99392669246164,positive
-0.3324680728469635,positive
187389.30542083827,positive
970.4207848085246,positive
122.3497609299526,positive
63.09673963341108,positive
151.69927015448252,positive
25.20190499650733,positive
45.10748448635711,positive
-34767.643821997495,positive
58.62877155503619,positive
2770.70669507579,positive
34.4356372699955,positive
206.4010954067122,positive
430.5060461062926,positive
870.4927493854088,positive
179.49360404061258,positive
9.51282470622615,positive
270.46373948028184,positive
63.19270987200348,positive
60.77020348897109,positive
113.98940708345043,positive
22.1658078830259,positive
156.1314291107304,positive
1.5685798099638617,positive
-212459.02117878234,positive
146.34222703814513,positive
-494.20039756862957,positive
205.13792073324075,positive
160.72058163471482,positive
